{
  "final_equity": 1120378.3787242842,
  "total_return": 0.12037837872428425,
  "annualized_return": 0.1256531307024753,
  "max_drawdown": -0.12222093736555473,
  "volatility": 0.15646726938542582,
  "sharpe": 0.8343052680408025
}