{
  "final_equity": 1181811.915032027,
  "total_return": 0.18181191503202698,
  "annualized_return": 0.07554870740633746,
  "max_drawdown": -0.2619647507427185,
  "volatility": 0.258709662975664,
  "sharpe": 0.4375281603917706
}