{
  "final_equity": 13847027.182591537,
  "total_return": 12.847027182591537,
  "annualized_return": 0.4477134104125773,
  "max_drawdown": -0.3521712481834691,
  "volatility": 0.22936492717322754,
  "sharpe": 1.7389079550337598
}