{
  "final_equity": 2152836.8440088048,
  "total_return": 1.1528368440088048,
  "annualized_return": 0.39697372590754787,
  "max_drawdown": -0.2918302677883555,
  "volatility": 0.27255178955881426,
  "sharpe": 1.387089100672073
}