{
  "final_equity": 1225491.5370171221,
  "total_return": 0.2254915370171222,
  "annualized_return": 0.23583218969130693,
  "max_drawdown": -0.2918302677883555,
  "volatility": 0.31761611477582086,
  "sharpe": 0.8728348903963613
}