{
  "final_equity": 2161832.4383138316,
  "total_return": 1.1618324383138314,
  "annualized_return": 0.39870346253435973,
  "max_drawdown": -0.2918302677883555,
  "volatility": 0.27233867451637844,
  "sharpe": 1.3924713636975663
}