{
  "final_equity": NaN,
  "total_return": NaN,
  "annualized_return": NaN,
  "max_drawdown": -0.2619647507427185,
  "volatility": 0.258709662975664,
  "sharpe": 0.4375281603917706
}